Date,Close,High,Low,Open,Volume
,GOOGL,GOOGL,GOOGL,GOOGL,GOOGL
2023-06-20,122.36613464355469,123.82737241389117,121.4118586184988,122.1971499230984,26097500
2023-06-21,119.8313217163086,121.92874316433699,119.38399992492344,121.67029107935294,30306300
2023-06-22,122.41583251953125,122.50529233674672,118.12158686322977,119.28460999049842,26952200
2023-06-23,121.61065673828125,122.0579785779067,120.33828877331443,120.65638076455613,34885300
2023-06-26,117.6344985961914,121.27268271800895,117.56491621274243,120.04007724666526,33969900
2023-06-27,117.62456512451172,118.37009392091399,115.40785616628811,116.38201713050795,39535900
2023-06-28,119.46353912353516,119.67228628429486,116.1533893231069,116.39195642341636,27091400
2023-06-29,118.38996887207031,119.34424480140737,117.59474272291158,118.52913363777087,24090900
2023-06-30,118.98639678955078,120.35817467379623,118.97646186568765,119.45359606410328,29519700
2023-07-03,119.18521118164062,119.47348324102451,118.11164783991683,118.52914216706114,14467900
2023-07-05,121.02417755126953,121.879051198591,118.51920407152356,118.52913899530057,27584800
2023-07-06,119.39395141601562,119.58282113662928,117.69414668222592,119.08580194251844,24745200
2023-07-07,118.76771545410156,120.3283554924255,118.68819055922752,119.38401442959689,21692600
2023-07-10,115.75577545166016,117.60468759106968,115.44762595639577,117.59475266690163,35315200
2023-07-11,116.44165802001953,117.00825960685633,114.66232836706261,115.59672689353111,23078800
2023-07-12,118.22098541259766,119.61264066815845,117.70408878940074,118.09176315277618,30404400
2023-07-13,123.79753875732422,124.08581079294116,119.7319179051048,120.20905965672512,44297900
2023-07-14,124.67228698730469,126.0241797386366,122.75379268459915,124.05598806919589,33266800
2023-07-17,123.90689086914062,126.34228197046,123.45956902871312,125.18920134410803,25716200
2023-07-18,123.02218627929688,123.93669972599201,122.22695257892072,123.85717483917227,26226400
2023-07-19,121.30250549316406,124.43372798942477,121.07388090673209,123.85718389369957,37224000
2023-07-20,118.4893798828125,123.35022728332343,117.51522645146359,120.69614644921113,37906800
2023-07-21,119.30448913574219,120.26870762710904,118.0221862337657,119.90091826139151,72937900
2023-07-24,120.80549621582031,122.26673400639581,120.25877959784611,120.93472607294527,29686100
2023-07-25,121.48143005371094,122.41582856194658,120.2985219493625,120.63649894370964,52509600
2023-07-26,128.4993438720703,130.19914098464145,127.55501045755061,129.29457759875808,61682100
2023-07-27,128.62855529785156,132.44567405601035,128.02219130294213,130.88502657960586,44952100
2023-07-28,131.78961181640625,132.9426999912715,129.79160010913102,130.00033967744673,36591200
2023-07-31,131.92877197265625,132.7339406150858,130.99437349009594,131.93870689581183,28055500
2023-08-01,130.7657470703125,131.83931030101502,129.9009233976841,130.00033329912412,23166800
2023-08-02,127.61465454101562,129.31445170964074,126.79953577312962,128.67826774087553,26273300
2023-08-03,127.6842269897461,128.6186254946195,126.66036867087126,127.20709281391656,20089500
2023-08-04,127.34626007080078,130.7259845647358,127.14745542430265,128.50928317902822,26130000
2023-08-07,130.74588012695312,130.82540502553206,128.25084900131048,128.3900137818678,22746300
2023-08-08,130.61663818359375,130.72598301304316,128.76772617424507,129.8412894539787,23535200
2023-08-09,128.8870391845703,131.25284056715984,128.2309701157931,130.87511624062913,24912900
2023-08-10,128.91685485839844,131.2627863135843,128.67828015915416,130.5371424591405,20857800
2023-08-11,128.78759765625,129.15538696765046,127.40588504811633,127.8929692677222,19569200
2023-08-14,130.5470733642578,130.58682822899598,128.19120705707218,128.61863631625639,24695600
2023-08-15,129.0063018798828,130.63652424337354,128.50928268165,130.3184398437721,19770700
2023-08-16,127.93274688720703,129.50332947560392,127.10770072841387,127.93274688720703,25216100
2023-08-17,129.14544677734375,131.20311322197355,128.51919783022686,129.0261670418243,33446300
2023-08-18,126.70013427734375,128.47946393357242,125.62657097907541,127.74387005295644,30491300
2023-08-21,127.60470581054688,127.96256024478278,125.8054987156855,126.42180525996095,25248700
2023-08-22,128.3105010986328,129.50334435523047,127.55503724194679,127.7438918302496,22067500
2023-08-23,131.58087158203125,132.61468011751114,129.09577532842894,129.40392483702382,27819700
2023-08-24,129.0063018798828,133.44965472550993,128.79756231060549,133.1514401730058,28500700
2023-08-25,129.10569763183594,129.98044101070192,126.49137208205629,128.76771308654853,26762900
2023-08-28,130.22897338867188,131.74985102143413,129.36416478081736,130.52718796070477,20543300
2023-08-29,133.76776123046875,135.7558381265067,131.45164982644576,131.45164982644576,43075600
2023-08-30,135.0699462890625,135.46755559265864,133.27073916338247,133.97649795243905,28315800
2023-08-31,135.35821533203125,137.17730753469533,134.98047586337722,135.19916553809026,30053800
2023-09-01,134.8512725830078,136.64054499661776,134.04610378883945,136.64054499661776,21524600
2023-09-05,134.9605712890625,135.6066900549417,133.77766339870647,134.6325368613976,19403100
2023-09-06,133.65843200683594,135.7160839473173,132.87313304719095,135.20912974002763,18684500
2023-09-07,134.4536590576172,134.77175869841136,132.15743225900235,132.793616372765,18844300
2023-09-08,135.5669708251953,135.84530038220512,134.04609318588336,134.10573306698214,23558300
2023-09-11,136.10372924804688,136.66038829795693,134.9804610573074,135.72598982082727,20763400
2023-09-12,134.53317260742188,136.05405036295545,134.38407289328111,135.44768624574226,18405500
2023-09-13,135.89498901367188,136.08384355852272,133.35023810585258,134.284636578344,20749500
2023-09-14,137.27671813964844,137.87313211819787,135.427805987281,136.7796989069456,24751000
2023-09-15,136.58087158203125,137.69420491628924,135.66635806419885,137.15741568045607,38908400
2023-09-18,137.3860626220703,138.33039612819755,135.7955950144073,135.7955950144073,21861300
2023-09-19,137.21705627441406,137.58486080246306,135.80552354379557,136.60075731018102,20353700
2023-09-20,132.9427032470703,137.25682633323285,132.82340832300335,137.25682633323285,29927500
2023-09-21,129.662353515625,131.4416753334194,129.2945642118386,130.6563917791084,31488700
2023-09-22,129.4735107421875,131.24289800569903,128.82739180369364,129.98046490156776,26397300
2023-09-25,130.328369140625,130.38800901498652,128.19119274762159,129.056001261507,20094600
2023-09-26,127.80352783203125,129.5828499424091,126.46156988853527,128.99637091079285,25718700
2023-09-27,129.76177978515625,130.11963425371414,127.80353788445824,127.80353788445824,22746500
2023-09-28,131.52122497558594,132.5053285021228,129.01624383301584,129.0659487891118,22513100
2023-09-29,130.07986450195312,133.25084939728868,129.58284530626597,132.48543558894025,30848100
2023-10-02,133.37014770507812,133.61865733749448,130.3880321160817,130.4278021512499,22288000
2023-10-03,131.64048767089844,133.4595796198685,131.05400870133363,133.14149524417036,22989400
2023-10-04,134.43374633789062,134.7617807999218,131.73989584729435,131.99834034715792,26752300
2023-10-05,134.26478576660156,134.68228011114874,132.65443310297832,134.26478576660156,19832600
2023-10-06,136.7598114013672,137.33635552094708,133.21108686390718,133.21108686390718,27583200
2023-10-09,137.59478759765625,138.11169179044353,134.80154224048803,136.12361507583879,19278100
2023-10-10,137.2369384765625,138.88704585361853,136.51129469472835,137.67431779749998,27786600
2023-10-11,139.7121124267578,140.2687715528067,137.75385539330637,137.75385539330637,25884300
2023-10-12,138.1415252685547,140.37811179171825,137.43575129184757,140.20912707455133,24765500
2023-10-13,136.54110717773438,139.16536779224674,135.80551334470252,138.5490688742982,23420500
2023-10-16,138.270751953125,138.79759110863935,137.16736868693363,137.34628832413196,28501900
2023-10-17,138.8870391845703,139.0659588066413,136.3621732868778,137.80354102561654,23515800
2023-10-18,137.13754272460938,139.88108321591943,136.56099863925294,138.61865021577995,23375000
2023-10-19,136.9287872314453,138.8274041828809,136.56099788351034,137.67431601854938,26066000
2023-10-20,134.79161071777344,137.04806692494282,134.274706511946,136.5112928722996,26315200
2023-10-23,135.68624877929688,136.8393370245853,133.15144769161353,134.23494596466517,26317900
2023-10-24,137.9824676513672,138.52919180403703,136.60075488434097,137.00831426795142,44814300
2023-10-25,124.86116027832031,127.54506084409789,124.32437864838262,127.39596115570761,84366200
2023-10-26,121.55101013183594,123.58879181487515,120.54702925908742,122.53510599028242,57061100
2023-10-27,121.4416732788086,122.57487648328338,119.49335886437983,122.14743965465438,44566500
2023-10-30,123.718017578125,124.65241609511718,122.0182128348534,122.47546958591673,28940100
2023-10-31,123.34028625488281,124.62259669848551,121.95857348825355,124.31443963801871,26292300
2023-11-01,125.69615936279297,125.73592181098695,122.98243863278022,123.33035057458807,30082400
2023-11-02,126.72994995117188,128.2110650022886,126.17329088957868,127.6544059406954,27124600
2023-11-03,128.3303680419922,128.75779728854175,127.09775492201882,127.25680471191657,26380100
2023-11-06,129.4735107421875,129.56297056422696,127.90292813914924,128.28066761152473,19052700
2023-11-07,130.189208984375,131.12360749662543,129.1057107809451,129.93076446372316,29757300
2023-11-08,131.0540313720703,131.4218359288677,130.00035299557646,130.1892227362355,26425800
2023-11-09,129.4635467529297,131.75977267670586,129.29456207107387,131.173293751238,23747800
2023-11-10,131.79953002929688,132.0082847389671,128.63849562443505,129.3243844547255,26913300
2023-11-13,131.30255126953125,131.79957055528266,130.46756250974684,130.99440173921735,18324800
2023-11-14,132.82339477539062,134.89099629039902,132.52519541519501,133.39000389540422,32395200
2023-11-15,133.8174591064453,134.2250185350432,132.77373080720156,134.0659687334698,23861500
2023-11-16,136.11367797851562,136.4019576236331,133.51925217939663,134.38406077910298,28013200
2023-11-17,134.5033416748047,135.2488705202429,132.85323418995725,135.18923063945954,37240600
2023-11-20,135.43772888183594,135.8452882567301,132.82340309632207,132.89299306327462,27815500
2023-11-21,136.15345764160156,136.36219723734712,135.1494841942833,135.4775035590263,22635300
2023-11-22,137.66436767578125,138.58881600112161,136.6504443771656,136.6504443771656,17813900
2023-11-24,135.8751220703125,137.30653990638646,135.1792981688386,137.20712999139442,12514300
2023-11-27,135.59678649902344,137.59479829207896,135.18922710057512,135.21904704018618,23436500
2023-11-28,136.38204956054688,136.43175450832166,134.61266262807223,135.26873153593016,18730000
2023-11-29,134.1852569580078,137.4655717364247,134.03614208855595,136.74987800078372,23967200
2023-11-30,131.7399139404297,134.74191429218615,130.49736588382123,134.24489506954276,38988300
2023-12-01,131.0738983154297,131.3224079045938,129.89099024415708,131.0738983154297,31431200
2023-12-04,128.4993438720703,129.25480757012173,127.13750857988855,129.1057078822898,36669900
2023-12-05,130.2091064453125,131.35224463448228,127.48543553945275,128.18125944450495,27384800
2023-12-06,129.244873046875,131.0540149920626,129.1057082818606,130.65640571139903,23576200
2023-12-07,136.11367797851562,137.73396550929698,133.89697647711108,134.23494591057988,56767100
2023-12-08,134.1852569580078,135.58683965678716,133.2309733641146,133.39995808190153,32233900
2023-12-11,132.49537658691406,132.54508154232602,130.57688968416,131.59081313683703,31138000
2023-12-12,131.72996520996094,132.2070993667004,130.47746719276546,131.0241913139364,29032800
2023-12-13,131.77967834472656,132.70412677881075,130.78563994188903,132.5848470241734,30104800
2023-12-14,131.1534423828125,132.92282970297467,128.91685575327702,132.584860252567,38722400
2023-12-15,131.8094940185547,132.7140574083238,130.39794618451384,130.83532549446207,50815200
2023-12-18,134.99041748046875,136.33236021706054,131.64049776512675,131.83931757898233,32258000
2023-12-19,135.83534240722656,136.65046118246826,135.26874840184595,136.02421213162756,25476800
2023-12-20,137.5152587890625,140.85522818110556,137.2468793610726,138.14150779001469,49107200
2023-12-21,139.58287048339844,139.8512650987262,138.3502574054323,138.65842205079056,27488300
2023-12-22,140.64649963378906,141.14351883717225,139.8711508899371,139.9307907674915,26514600
2023-12-26,140.6763153076172,141.82938829696292,140.34828082319078,140.74589010671386,16780300
2023-12-27,139.5331573486328,141.2329695889485,139.05602319099845,140.74588534047876,19628600
2023-12-28,139.39401245117188,140.2985911124531,138.91687822554522,139.9407366512772,16045700
2023-12-29,138.85723876953125,139.52324273613158,137.9526601054735,138.7975988871228,18727200
2024-01-02,137.34628295898438,138.61865088876826,135.66635564773884,137.72402240207782,23711200
2024-01-03,138.09182739257812,138.7976014054721,136.2628001823563,136.4317849081875,24212100
2024-01-04,135.57688903808594,138.3303794960598,135.53713417819472,137.59478566159066,27137700
2024-01-05,134.92080688476562,136.3422894638349,134.34426288193794,135.93473014269156,22506000
2024-01-08,138.01229858398438,138.18128330503055,135.4476774917439,135.47749743264478,21404000
2024-01-09,140.10972595214844,140.64651524536572,137.32641507069434,137.67433461881012,24759600
2024-01-10,141.43177795410156,142.14748679333994,140.0699502420222,140.15941005497154,21320200
2024-01-11,141.23297119140625,144.35425101702575,139.80155353444061,142.63456891117025,24008700
2024-01-12,141.79957580566406,142.34629997508586,140.97453725741804,141.81946082123105,18768600
2024-01-16,141.6405487060547,143.48946088857568,140.60674019119162,141.1534643896458,22670500
2024-01-17,140.62661743164062,140.99440679579797,138.07193139459451,140.50733767414584,20968600
2024-01-18,142.62461853027344,143.3502774482293,141.14351109286378,141.20315096714583,25746400
2024-01-19,145.50732421875,145.57689900914144,143.51924771424055,143.87710209176504,33300700
2024-01-22,145.1196746826172,147.50536082819642,144.97055981862937,146.22305793770767,32200400
2024-01-23,146.1634063720703,146.30257114774605,144.63259383963722,145.02026822672127,21636100
2024-01-24,147.81350708007812,148.95666034103166,147.21709314063574,147.6544572957646,25233500
2024-01-25,150.964599609375,152.1375727515736,148.64848842992274,149.17534271068604,29149100
2024-01-26,151.28269958496094,151.63060390831254,150.10972643948642,150.199201418928,26115500
2024-01-29,152.59483337402344,152.86322799613788,150.52723162700286,151.153480689329,27784300
2024-01-30,150.5570526123047,152.70416388435834,150.28865801536503,151.88906033844475,36331800
2024-01-31,139.26478576660156,143.14152945556077,139.03614601400025,142.7637900102388,71910000
2024-02-01,140.31846618652344,142.2071331063445,139.950661659156,141.2727345701597,40466500
2024-02-02,141.53118896484375,141.7697484679074,135.68623845463344,138.42977891461894,62470600
2024-02-05,142.8234405517578,144.6027779128035,141.92881199298876,141.96858202589868,38505400
2024-02-06,143.2409210205078,144.49340378244685,142.33634255297505,143.78762993569197,29128200
2024-02-07,144.67234802246094,144.75187291787591,143.07194552581365,143.8969992519434,25208900
2024-02-08,145.0401611328125,145.45765548255142,144.23499237490003,144.9606362326969,22563800
2024-02-09,148.1117401123047,148.54911948982377,145.30854419338198,145.8055634555038,26829500
2024-02-12,146.65049743652344,148.44970467927382,146.49144763760688,147.53519108723918,21564100
2024-02-13,144.27471923828125,145.79559663421784,142.83336672702495,144.05602959736558,27837700
2024-02-14,145.0699462890625,145.64649030078706,143.2309694384269,145.20911103893945,22704200
2024-02-15,141.91883850097656,142.66436715328788,139.6226126787087,142.28662778241466,37590700
2024-02-16,139.68228149414062,142.33636222630687,139.30454204497832,142.13755757805077,31451100
2024-02-20,140.27870178222656,141.2329853719594,138.6584294162402,138.8274141332904,25144700
2024-02-21,141.70018005371094,141.83934482604272,139.84131789092322,140.60673172265933,23315700
2024-02-22,143.23098754882812,144.13556612131504,141.94868470338366,144.0659761536674,27191900
2024-02-23,143.10177612304688,143.8174698235782,142.57492181155052,142.8134964902759,19493800
2024-02-26,136.7498779296875,141.59084036580944,136.5709431200029,141.29262579488392,53641800
2024-02-27,138.0520782470703,138.41986765571917,136.27274075413894,137.19720449002398,33099200
2024-02-28,135.5669708251953,137.18724321039747,134.602752299903,137.07789837244195,37328600
2024-02-29,137.6345672607422,138.03217656436829,135.58683536038203,136.46159402974666,42133000
2024-03-01,136.3224334716797,138.0421157563767,136.1037437975768,137.60473640817094,31119500
2024-03-04,132.55503845214844,134.85126493275368,131.1236206024663,134.85126493275368,55999400
2024-03-05,131.87905883789062,132.44566794685397,129.8909822469804,131.09377525832218,40194800
2024-03-06,130.61663818359375,132.78364975782148,130.0699292041688,132.32638542526337,35318600
2024-03-07,133.57888793945312,134.1355470286606,130.82539726481338,131.99835532166875,37738200
2024-03-08,134.6027374267578,137.26675294029374,133.2011397045152,133.40989443311753,39343100
2024-03-11,136.84925842285156,138.27074115683538,135.31844603099825,135.31844603099825,32437800
2024-03-12,137.67431640625,138.54907503928519,136.21307876598533,136.21307876598533,27563400
2024-03-13,138.95663452148438,140.24888759835642,138.16141585986196,138.17135078439392,23347200
2024-03-14,142.2469024658203,142.73397157906638,139.6226416714672,140.34828546340808,42753400
2024-03-15,140.33834838867188,142.32642539206083,139.19521017885273,141.65048649146402,49460600
2024-03-18,146.79959106445312,151.24294415086234,146.29263691520018,147.72405471052974,69273700
2024-03-19,146.15347290039062,147.90297512167407,145.20913940121957,147.27674120882173,24070400
2024-03-20,147.853271484375,147.97255123416053,145.86519475956715,147.1176776357803,21311500
2024-03-21,146.72007751464844,149.47355302951823,146.0242384832815,148.5789245146502,24755600
2024-03-22,149.87118530273438,150.67635404159964,148.0918479363663,148.2310127163205,29175700
2024-03-25,149.1753387451172,149.48348819908153,146.93875251339023,149.04610890913688,19229300
2024-03-26,149.77175903320312,151.35227639748427,149.08587013267535,149.32444480132642,22149100
2024-03-27,149.97056579589844,150.73597959681047,148.01230897049075,150.2787152673791,22879200
2024-03-28,150.03021240234375,150.52723161549852,149.27474865876468,149.95070267592294,24485400
2024-04-01,154.56304931640625,154.8115589373722,149.71213666144715,149.79166156029507,31730800
2024-04-02,153.63856506347656,153.77772982586725,151.24292899791672,152.58488683854392,24586000
2024-04-03,153.9964141845703,154.1554639555003,151.81946784440686,152.68429149395047,24705000
2024-04-04,149.6326141357422,153.84734283458613,149.553089235633,152.5849096930665,34724700
2024-04-05,151.59085083007812,152.5053643067505,148.70814563552008,149.13557485238817,23449300
2024-04-08,153.92686462402344,154.34435896529175,151.70021296943557,151.86919769081868,20702000
2024-04-09,155.66641235351562,157.61471903400118,154.26481463364837,155.15944308540702,31113000
2024-04-10,155.2091827392578,155.6763820836727,153.75787974361953,155.27877272017383,22838600
2024-04-11,158.45965576171875,158.7280351932667,155.5272456859533,155.97455990635459,27166400
2024-04-12,156.78968811035156,159.2648494318585,156.20320903655565,157.01832788582354,25329200
2024-04-15,153.93679809570312,158.29069144870775,153.66840346176937,157.91295197634344,27136500
2024-04-16,153.47952270507812,154.7220707035578,152.51530424483212,153.270783135314,20779500
2024-04-17,154.54315185546875,156.14355429233336,153.658458282781,154.69225154891296,21763100
2024-04-18,155.07992553710938,156.00438913764984,153.69821276591983,154.41392162833105,19883000
2024-04-19,153.17138671875,155.42785832971614,151.39206450205657,155.26880853162524,32239100
2024-04-22,155.3483123779297,156.70020514284732,153.141546023905,153.39005561181028,26446200
2024-04-23,157.31651306152344,158.02228700536767,155.34832125977468,156.02427526479107,21151600
2024-04-24,158.18133544921875,158.61871477208004,156.23301351133364,156.5511130798954,22779100
2024-04-25,155.0699920654297,155.55707634707693,149.9705701649595,150.42783450771225,57109700
2024-04-26,170.92489624023438,173.66845187375665,168.63860493490648,173.33046729734258,64665300
2024-04-29,165.1594696044922,168.53920917333764,164.22508627485573,168.05212491015862,45610000
2024-04-30,161.80958557128906,167.09787766382803,161.6306659221157,164.62271634216353,33562900
2024-05-01,162.8831329345703,166.12369266022054,162.11771911909202,163.32051225770076,33493200
2024-05-02,165.6266632080078,165.73600803202226,162.91294278924056,163.8075712273067,24294500
2024-05-03,166.2429962158203,166.95870511487095,162.0779726740132,166.56108063327446,34662400
2024-05-06,167.09786987304688,167.13762473729062,165.04020299654744,166.46168587038568,21871300
2024-05-07,170.22906494140625,170.736019032057,167.38611469538,167.49545951898952,28039700
2024-05-08,168.37022399902344,169.13562262324956,167.7340400488051,167.99248456464255,19569100
2024-05-09,168.94677734375,169.67242114682458,167.17737499330448,168.38016816108964,15346700
2024-05-10,167.64456176757812,168.83741992259814,165.19923591899442,167.0282628438869,29799900
2024-05-13,168.13165283203125,168.27081760004594,163.02229610945983,163.2807406306808,31327600
2024-05-14,169.32449340820312,170.2290719710712,167.79368098227573,168.75789942088068,25127100
2024-05-15,171.48153686523438,171.62070161662018,169.49346032096855,169.6127552277423,26948400
2024-05-16,173.14158630371094,174.07598474600152,171.6604789228137,172.25689281069936,27867900
2024-05-17,175.0104217529297,175.2191765187737,172.65455528261845,173.14162445654733,24479300
2024-05-20,175.86526489257812,177.70424192635005,175.03027631016326,175.13962113651436,22554400
2024-05-21,176.7897491455078,177.0879485542545,174.76190215908986,175.8454004583986,16989400
2024-05-22,175.32850646972656,176.09390515454282,174.1654833046587,175.58695100602287,17880000
2024-05-23,172.515380859375,177.18735867156835,171.9189517055531,176.014400548295,21024900
2024-05-24,173.94677734375,174.7221260478567,172.6147544194191,173.93682725278606,16572500
2024-05-28,175.34837341308594,176.21319716341736,173.33047660868388,173.41000150341682,20572200
2024-05-29,174.85134887695312,175.7857474018572,173.67839084293126,174.3841496145011,23388700
2024-05-30,171.08395385742188,174.17541396451074,170.7658542810084,174.15552894902925,22958700
2024-05-31,171.47161865234375,172.02827771213177,168.429863670058,170.8354347028972,37638900
2024-06-03,172.13763427734375,173.48952715807974,170.1396224798288,171.511385208468,27459100
2024-06-04,172.75393676757812,172.81359181596935,170.86526976641403,172.24698261492622,26879600
2024-06-05,174.36428833007812,175.5968863019106,172.89310050176644,174.1555335815261,22068500
2024-06-06,175.67642211914062,176.09391647437533,174.70226862359294,174.8513683333825,23251000
2024-06-07,173.41993713378906,176.80959637816048,173.26088735758623,175.9944928188086,19661400
2024-06-10,174.16632080078125,176.20644136738744,171.92716741467876,174.12652031097429,23779200
2024-06-11,175.76856994628906,175.98751061562703,172.93231794206253,175.3705042848918,21540600
2024-06-12,176.9329071044922,179.54028699071227,175.26101330132494,177.39069622787167,27864700
2024-06-13,174.31561279296875,175.8879979359013,174.03696379905477,175.26103010697918,20913300
2024-06-14,175.937744140625,176.20644680711712,173.31047136056654,173.38014120141796,18063600
2024-06-17,176.3855743408203,177.50017023272605,173.96728088613824,174.61415650465722,19618500
2024-06-18,174.2459259033203,176.5348411452888,173.26070819453116,176.2860463404059,21869900
2024-06-20,175.4501190185547,176.43533683728216,174.14643652513004,174.52459434479357,20160100
2024-06-21,178.76405334472656,179.97817324324066,175.75860776109087,176.14672706076468,58582700
2024-06-24,178.3560333251953,180.01798091499936,177.80868167939616,179.2915042861555,18298000
2024-06-25,183.14283752441406,183.401578664655,178.5550605403931,178.75409335482692,23235600
2024-06-26,182.99356079101562,183.62051337694206,181.60030076458273,181.74958675950225,19839000
2024-06-27,184.5161895751953,185.15310369188768,183.1328910161964,183.29210815644674,18848900
2024-06-28,181.2718963623047,184.23754149419085,181.08282505826105,183.43144872221652,29156600
2024-07-01,182.10784912109375,182.99355801066486,180.42599382640452,182.1476496079963,16006100
2024-07-02,184.34703063964844,184.67544165161434,180.68476268806702,181.1724060425434,17372500
2024-07-03,184.92420959472656,185.1928970502459,183.11297612888922,183.95888453835914,10242100
2024-07-05,189.68118286132812,189.9399240156558,184.90431912869568,184.9640274577535,20967500
2024-07-08,188.11874389648438,189.2532477033315,186.87476975804535,188.98454503756395,21035900
2024-07-09,188.0689697265625,190.43750119218953,187.81022858918996,189.3925599464582,15121400
2024-07-10,190.2583770751953,190.82563658236953,188.11874758917267,188.23816424953293,15952500
2024-07-11,184.67543029785156,189.93992212212828,184.18778697335526,188.93479649413544,25625800
2024-07-12,184.1778106689453,186.20796943238597,183.6006049457052,184.1877569936598,22898400
2024-07-15,185.6307830810547,187.3325462689943,184.02854389156028,184.02854389156028,16474000
2024-07-16,183.0333709716797,187.77041886786637,182.48601933178097,186.4567901173401,18290700
2024-07-17,180.14735412597656,182.6651564421575,179.03274302740357,182.08795064839637,20734100
2024-07-18,176.83340454101562,181.62021433579056,175.61928463310315,181.05295487059834,25315700
2024-07-19,176.80355834960938,179.4208695866071,176.27611453463086,178.0176783122624,18881900
2024-07-22,180.79421997070312,181.81925342559742,179.36115936205027,179.7194245142135,24100300
2024-07-23,180.91363525390625,182.7248688386663,180.66484043304783,181.1723915861467,36352700
2024-07-24,171.7978057861328,175.34064163083764,170.99171299042794,172.76313091278035,49585200
2024-07-25,166.47360229492188,172.58400296411355,166.38403979688667,171.6883476132974,44852000
2024-07-26,166.19493103027344,167.2796727440398,163.26910167112166,166.34420184034042,41336900
2024-07-29,168.71273803710938,169.608393293323,167.18016866453198,168.01611559502874,20293800
2024-07-30,169.4690704345703,170.40454137374448,167.62799790459795,169.41932361948145,18959700
2024-07-31,170.71302795410156,173.40997018336077,169.1904050404806,172.40484468943953,25729100
2024-08-01,169.9368133544922,173.21096178514637,168.06588657934952,169.42927737353662,24531400
2024-08-02,165.85658264160156,167.69765520059823,163.8761704054218,165.6376419849292,29130100
2024-08-05,158.4822998046875,163.6373211687644,154.18311804069828,154.75037751729297,53630700
2024-08-06,157.52691650390625,159.79593916003876,155.65598984339135,158.5619114256832,49004600
2024-08-07,158.1737823486328,162.19429958101605,157.70604691611013,160.47264384005365,25138600
2024-08-08,161.24888610839844,162.9008872407048,159.43766784333874,159.73620945801972,25578800
2024-08-09,162.8809814453125,163.000398092681,158.29320462440444,159.23862184827473,28602300
2024-08-12,161.50762939453125,164.10504777357423,161.05980178129553,163.55771134919158,15895300
2024-08-13,163.36862182617188,163.9358660763168,162.1843561433904,162.6222374229294,18551700
2024-08-14,159.59689331054688,162.43316027996852,156.94972801568116,161.61710599661225,40591100
2024-08-15,160.52243041992188,160.86078775073088,158.84057490735202,159.72628391166478,31524300
2024-08-16,162.17440795898438,164.26427515296893,160.35322821372176,160.69158549485795,24208600
2024-08-19,165.8665313720703,165.88643920984657,163.4681456252674,164.48323275862353,22416200
2024-08-20,166.3740692138672,167.82703768322662,166.01581924125838,166.09542022279516,18341500
2024-08-21,165.0504913330078,166.04567062308269,163.87617187439943,164.35385368177072,22902000
2024-08-22,163.01036071777344,166.78208331350032,162.52271742896883,166.45367234576213,22493300
2024-08-23,164.82159423828125,165.37889222824714,163.04022993569524,163.92593892372628,13955700
2024-08-26,165.35897827148438,166.74227674166048,163.66717668126768,165.57791890865434,14190400
2024-08-27,163.8861083984375,165.63763356275666,163.66718293812755,165.0405199503333,11821900
2024-08-28,162.06494140625,164.80168425036075,160.75129755216656,164.24437113378522,16407400
2024-08-29,161.00010681152344,165.16991053075353,159.47748368909194,163.5179092393471,19699800
2024-08-30,162.59239196777344,162.8710409450861,160.91053659277384,161.83604601344157,22123800
2024-09-03,156.60140991210938,161.06977028333037,155.7256472987168,160.94039211947089,38945300
2024-09-04,155.69578552246094,158.23349556383252,155.2081574244905,155.9047798396124,19353800
2024-09-05,156.4820098876953,158.6813477956318,155.22807416068534,155.54653884857106,18688700
2024-09-06,150.19244384765625,157.06913580100942,149.82423240095397,156.5416920369977,37912100
2024-09-09,148.1894989013672,152.86307041013015,146.70470865576445,151.97618615473306,39260500
2024-09-10,148.13966369628906,150.74052877862417,147.8207764621823,149.9233916452607,31118800
2024-09-11,150.63092041015625,150.96972670859367,147.00366157798018,149.39525512685503,29607700
2024-09-12,154.1485595703125,154.27810941261885,152.11569142274135,153.26167533883327,29695000
2024-09-13,156.9088592529297,157.8256372095464,154.66673478788607,154.88595074662993,29591200
2024-09-16,157.5067596435547,157.69609704284935,156.05187841649794,156.75938477605303,18379800
2024-09-17,158.76235961914062,159.98805014794013,157.82564734959053,158.46340663018495,20715600
2024-09-18,159.25062561035156,159.9382128836467,158.04486940518223,159.3004536398648,23677300
2024-09-19,161.57247924804688,163.21669785914023,160.7752763557002,163.13699125474798,26587700
2024-09-20,163.0174102783203,163.15691965207134,161.49276669183348,162.9277289392049,40896400
2024-09-23,161.2834930419922,164.91075157825534,161.10411517750074,163.77474245440862,24150900
2024-09-24,161.72193908691406,162.64869176894638,160.1275485968345,162.4593543820054,23332100
2024-09-25,160.9247589111328,162.24013074634445,160.73542151540698,160.90482465753527,18869200
2024-09-26,162.160400390625,163.5056811380197,161.71197854328662,163.067218814265,20319300
2024-09-27,163.3761444091797,165.1200191151141,162.06077253778713,162.24013520895764,21101300
2024-09-30,165.26950073242188,165.56843851321895,162.6885546502899,162.74835741182983,20413900
2024-10-01,166.405517578125,168.567920455953,164.0039492592659,167.10306444107255,28338100
2024-10-02,165.2794647216797,166.93365811188724,164.1534150323221,165.83750220141695,17760200
2024-10-03,165.2794647216797,166.05673338351102,163.3462525916035,163.83454298906406,15073100
2024-10-04,166.47525024414062,167.64115315810446,164.90077877248402,167.47175002072987,19047400
2024-10-07,162.4095458984375,167.8902952287706,162.18035518394854,167.13296079524372,22463100
2024-10-08,163.8046417236328,164.15340752983812,162.29991729663377,163.3661793794842,23072700
2024-10-09,161.29345703125,164.26302215555899,159.18088233675397,162.87788805212205,31181800
2024-10-10,161.5126953125,162.4992356244984,159.83856768050705,160.30692382005753,14144100
2024-10-11,162.6686248779297,163.32630315770646,160.67562537530787,161.5625095457594,15344300
2024-10-14,164.3826141357422,165.64815793723565,162.82806167108657,163.0672270976598,19016100
2024-10-15,164.88087463378906,167.0930903489021,164.05377791978614,165.20970620906303,20247200
2024-10-16,164.58189392089844,165.21965311998426,163.16686617309486,163.95409424486536,16406000
2024-10-17,162.35971069335938,165.7876725559894,162.19030754618507,165.1499132702941,21453400
2024-10-18,162.84800720214844,164.13350055160433,162.5092008950753,162.61881648917324,19757700
2024-10-21,163.49574279785156,163.9242304481603,162.05080580588782,162.37965259131107,20946500
2024-10-22,164.56198120117188,165.18978095934807,162.40953792060841,162.40953792060841,16568100
2024-10-23,162.2102508544922,165.23961903467116,161.36321986596107,164.1833163789022,18280500
2024-10-24,162.1504364013672,162.75830184158096,160.44641518195513,162.26005197928703,22412500
2024-10-25,164.6915283203125,165.01040035361328,162.84799758446522,163.09712253766725,19828900
2024-10-28,166.13644409179688,168.1593374233331,163.37613545110455,168.1593374233331,32138600
2024-10-29,169.08609008789062,169.7836521589055,166.5051590823556,167.1429183888465,42169000
2024-10-30,173.84934997558594,181.38288551840023,173.45074095946555,180.04756432112097,68890800
2024-10-31,170.51109313964844,176.20111408023234,170.40147754587736,172.52402713190767,44769000
2024-11-01,170.69044494628906,171.71685373461872,168.28889197179058,169.47472917286686,31796500
2024-11-04,168.64764404296875,170.13241912284502,167.42193825084985,169.33521618307327,21492700
2024-11-05,169.1458740234375,169.93310214015253,168.2490151199897,168.83694632662065,18242100
2024-11-06,175.89218139648438,176.32068423475533,172.8927223501112,173.19167534337777,33695500
2024-11-07,180.11734008789062,180.44618684879632,176.56980320837033,176.78903438230748,25352900
2024-11-08,177.7257537841797,180.2668162295759,177.4566945679988,180.01769126784052,22006200
2024-11-11,179.71873474121094,179.91803164874506,177.84531035855562,177.9549259385063,17450400
2024-11-12,180.9842987060547,181.85126391911678,178.76210828805725,179.19061113228446,25134900
2024-11-13,178.25389099121094,180.32661242196693,177.91506949950764,179.82836251665194,23184000
2024-11-14,174.9654541015625,178.19411924845363,173.7098697026846,177.65600078794756,31007500
2024-11-15,171.88626098632812,173.5304796221041,170.6207019459313,173.1219110429033,32504600
2024-11-18,174.68643188476562,174.8259412596543,172.2948230511839,172.81300724593382,20206600
2024-11-19,177.4965362548828,178.2439110911755,172.95249968308408,173.11194329745103,23434900
2024-11-20,175.36404418945312,177.05809094017042,173.17174749997304,176.71928463110325,18997100
2024-11-21,167.0432586669922,173.5205070694754,163.12700672607806,173.29130117812963,59734400
2024-11-22,164.1833038330078,165.87736568062007,163.32631338500155,165.26950018604143,38604600
2024-11-25,167.06320190429688,168.03978275271885,165.03034880168926,165.50866449547075,33135300
2024-11-26,168.52804565429688,169.2256076965816,166.9934426131079,167.0432706454683,20486700
2024-11-27,168.63766479492188,168.88678975659008,167.4319084954612,168.40847408769383,19266500
2024-11-29,168.358642578125,168.8369582371453,166.57491457977767,167.9102206974572,14257200
2024-12-02,170.88975524902344,171.4776864785432,167.97997767345183,168.17927459129479,23789100
2024-12-03,170.7402801513672,172.07558629717838,170.25200495773618,170.8897642516595,22248700
2024-12-04,173.75965881347656,174.2977772005243,170.46124703071453,170.55092836009592,31615100
2024-12-05,172.03573608398438,175.4437637976109,171.7268235586979,174.7462169331928,21356200
2024-12-06,174.09849548339844,174.4671955621755,171.2584648287537,171.4278679786075,21462400
2024-12-09,174.95645141601562,175.84435207924628,173.2405061666339,173.5497879362236,25389600
2024-12-10,184.7333526611328,185.92054898261972,180.6230728184386,182.41883132056972,54813000
2024-12-11,194.93922424316406,195.14873574350122,184.41411421053175,184.87302096699213,67894100
2024-12-12,191.50733947753906,194.71973228413214,191.25792901080186,194.5401640550286,34817500
2024-12-13,189.3723907470703,192.27551707580218,189.19280729112407,190.55957180826204,25143500
2024-12-16,196.19625854492188,198.53073692361528,192.16577676803223,192.41518724155435,44934900
2024-12-17,194.95916748046875,200.94501854915788,194.52020263311584,196.7848538831557,43504000
2024-12-18,187.95571899414062,196.53544501806192,187.2972869405705,194.7596437377537,34166100
2024-12-19,188.06546020507812,192.5748056424547,187.93577711571297,191.17811313755365,32265200
2024-12-20,190.95863342285156,192.43513912367908,184.78322783024907,185.3419048401402,63462900
2024-12-23,194.17105102539062,194.63994394383909,189.70160428029914,192.1657810311896,25675000
2024-12-24,195.64755249023438,195.64755249023438,193.32304504989554,194.38054302215116,10403300
2024-12-26,195.13876342773438,196.2860455335981,193.92163908131516,194.68981239058056,12046600
2024-12-27,192.30545043945312,194.85942653411482,190.20042538568458,194.49028867331808,18891400
2024-12-30,190.78903198242188,192.09594036416405,188.67402091879944,189.35242528948783,14264700
2024-12-31,188.85362243652344,191.50735365250458,188.06547677852515,190.6294238733089,17466900
2025-01-02,188.98329162597656,191.54723853202438,187.05785012893006,190.20041592197336,20370800
2025-01-03,191.33773803710938,192.75440296623142,189.53200858908056,190.918730255479,18596200
2025-01-06,196.40576171875,197.75258441221385,193.39289405316484,193.52257715244394,29563600
2025-01-07,195.02902221679688,200.52602365365914,194.1411215269442,196.64519723763246,26487200
2025-01-08,193.49264526367188,195.82712367795403,191.9263553819348,192.1159097803505,24864800
2025-01-10,191.58714294433594,196.05658959730988,189.86122672723175,193.84182337112213,26665200
2025-01-13,190.5595703125,190.72916760562472,186.9181835340065,189.62179973101152,21823700
2025-01-14,189.21275329589844,191.52727442765294,187.86593073510414,190.78902921540663,17174900
2025-01-15,195.0888671875,195.8969546519061,191.40756631826648,192.63466153374213,21776000
2025-01-16,192.45509338378906,195.01902502838223,192.3553231094348,193.68218859975212,17815400
2025-01-17,195.5377960205078,196.76489119233247,193.2931019335377,196.06654496539184,27735100
2025-01-21,197.58297729492188,201.81296912173477,197.40339384073826,198.60057627447708,29971300
2025-01-22,197.9022216796875,200.00724672789295,197.0642061251015,198.590597036243,26200600
2025-01-23,197.5131378173828,199.82767431730463,194.73969457121225,197.6727641738203,26951400
2025-01-24,199.73788452148438,200.42624462128626,197.53308930144837,197.63285957708698,23877500
2025-01-27,191.35768127441406,196.41573277306145,190.28022624707842,191.9562724749805,41728900
2025-01-28,194.83946228027344,195.01903051179218,190.23034644146827,192.2954724407757,24157900
2025-01-29,194.94920349121094,196.32593893457488,192.97386160771165,195.09884368413952,18218300
2025-01-30,200.3963165283203,200.9250654988853,197.203865605247,197.53308924739613,24354700
2025-01-31,203.53890991210938,204.99545859863298,201.3241436195745,201.523668960122,32042000
2025-02-03,200.75546264648438,203.26952433872827,199.62813772190552,200.2167427524067,27838300
2025-02-04,205.89334106445312,206.5617593135444,202.33175215943618,202.91038629062132,43856400
2025-02-05,190.8788299560547,192.29547965256887,187.58660858281107,190.61944853764197,70373900
2025-02-06,191.148193359375,191.64701430736628,188.274979827647,189.05313928868878,29297400
2025-02-07,184.90293884277344,190.7291636568626,182.80790006860101,190.59948056645624,49315000
2025-02-10,186.03028869628906,187.75620494303442,185.42172652057317,186.90821845084508,23105600
2025-02-11,184.8830108642578,186.49918592908514,183.84545472617006,184.59368617808016,21239500
2025-02-12,183.17703247070312,184.6734953419666,181.40123108129507,182.7879527330869,22072600
2025-02-13,185.70106506347656,185.84073432237415,182.70813932469304,183.8853646978078,21402500
2025-02-14,184.79319763183594,185.96043678235034,183.88535510775145,184.62360034222002,20448400
2025-02-18,183.33663940429688,185.52147740048773,181.31142775093412,185.1623257405275,29916700
2025-02-19,184.83311462402344,185.02266901610753,183.1570683565281,183.63594741741645,19549400
2025-02-20,184.12478637695312,184.8730178009315,182.28912893693322,184.36422591283684,20441500
2025-02-21,179.23634338378906,184.90294194163184,178.65770926804197,184.71338754923798,35199200
2025-02-24,178.82730102539062,182.68817010091686,178.4681493516575,181.56084516562646,29854200
2025-02-25,175.00633239746094,178.3185106633885,174.27805810561316,177.620149186563,41913400
2025-02-26,172.3226776123047,175.66478399830825,171.1753955398117,174.6571711800562,35431300
2025-02-27,168.1026611328125,174.14836864650957,167.54398410119538,173.5797206760448,39991000
2025-02-28,169.87844848632812,170.2076721148171,166.37673116608275,168.28221547961908,48130600
2025-03-03,166.6161651611328,172.96116813684316,165.53871010229818,171.52456139173032,40770500
2025-03-04,170.51695251464844,172.88135895735127,165.40903083418053,165.84799570787212,45388000
2025-03-05,172.61199951171875,173.370201847885,168.66133103361582,170.11789485258495,30954900
2025-03-06,171.94357299804688,174.39776333951255,170.09792955016897,170.1278575868108,28302000
2025-03-07,173.4500274658203,174.55741062282402,169.86849657186352,170.8561523451318,27385800
2025-03-10,165.66943359375,168.25631348073628,163.49207685373173,168.05654311824674,43604000
2025-03-11,163.84164428710938,166.5483741956788,161.17487454711969,164.71060268982163,39587400
2025-03-12,166.90794372558594,167.43730167009207,163.33227056435828,166.37858578107983,28372400
2025-03-13,162.56320190429688,165.92913761122173,161.91399391340872,165.8392348472833,31756200
2025-03-14,165.28990173339844,166.28869257421587,162.25356904272374,163.07258484755664,31995900
2025-03-17,164.09133911132812,166.0989184378049,163.47209367229158,164.83044981365524,31184300
2025-03-18,160.47572326660156,164.05139632119491,156.5305024761992,163.48207822407835,42074800
2025-03-19,163.69183349609375,165.6694351323274,160.8053285192439,161.56440408660148,34275600
2025-03-20,162.6031494140625,164.6906185813501,160.76537795311089,161.37464096618422,28138500
2025-03-21,163.79171752929688,164.04141524263727,160.69545978774022,161.01508017617863,36625800
2025-03-24,167.4772491455078,168.11648994593173,164.94032699026835,166.86800133324036,30879100
2025-03-25,170.353759765625,170.42368243836484,168.1164780833655,168.775668441695,24174400
2025-03-26,164.86041259765625,169.40491393976436,164.64067739498105,168.79565092149923,28901600
2025-03-27,162.04383850097656,165.21998619662182,161.8041232023028,164.43094810403895,24508300
2025-03-28,154.14340209960938,161.62435145983125,153.44425151462127,160.29595772818402,48669300
2025-03-31,154.45301818847656,155.3519238675497,150.47783482762614,152.9248693898488,54603500
2025-04-01,156.8800811767578,157.9088345005831,153.43424066067087,153.43424066067087,30672900
2025-04-02,156.85011291503906,158.21846678254826,154.51294591611935,154.9623987635517,25041700
2025-04-03,150.5377655029297,152.59527231622977,150.20816267744866,150.92729334389097,46883400
2025-04-04,145.4239501953125,150.8873372265073,145.20421499461688,147.83102450056057,62259500
2025-04-07,146.5725555419922,152.66518575265,140.3600753076292,141.37884623013926,76794100
2025-04-08,144.52503967285156,152.05593156691467,142.85706070456766,151.0371605852081,52200200
2025-04-09,158.51809692382812,159.3570775505851,143.73598981661124,144.24536764564118,70406200
2025-04-10,152.63522338867188,157.5292924054746,149.74870323215254,156.35071129003578,48022000
2025-04-11,156.9499969482422,157.47935489094493,152.63522830805417,152.71511816628092,33636200
2025-04-14,158.87767028808594,161.52445998548595,157.3694863273863,159.80653847762434,30333000
2025-04-15,156.12100219726562,159.4569601254283,155.02234135810752,158.93759983361085,27551500
2025-04-16,153.1446075439453,155.70150975970526,151.326800825977,152.91488990871326,28187400
2025-04-17,150.97723388671875,154.49296683009544,148.32044647401452,154.10343899442373,32938500
2025-04-21,147.49143981933594,148.76989086061988,145.9233461435289,148.69998342759925,26049100
2025-04-22,151.28684997558594,152.0059806006662,148.360384885124,148.70996777577147,26971800
2025-04-23,155.16217041015625,157.3395272287139,153.62402390940207,155.42185055428513,31128800
2025-04-24,159.08740234375,159.39702506290834,155.60161685700967,155.96118216578617,45894000
2025-04-25,161.76417541503906,165.89916899199292,160.84527440652565,164.8704156189098,56034000
2025-04-28,160.41580200195312,162.9527241022343,158.40823784275827,162.2335934576757,29745800
2025-04-29,159.9663543701172,160.54565492156792,157.32954700095436,160.12616457196697,26809000
2025-04-30,158.6079864501953,159.07741935833297,155.2120884925965,157.78897065630795,34981100
2025-05-01,161.10496520996094,161.7541731584952,158.7178557168657,160.255986901565,30203200
2025-05-02,163.8316650390625,164.77053089446972,161.6742731041275,163.21241957712974,25715000
2025-05-05,164.01145935058594,165.19002528971967,162.52325543253818,162.80291566353057,21341800
2025-05-06,163.03262329101562,164.60073221310822,160.99509669884785,161.97390744721895,21277200
2025-05-07,151.19696044921875,164.8004866523399,147.6612323828153,163.88160091924024,127490100
2025-05-08,154.0934600830078,155.74145898524296,152.715123752916,154.81259075606965,57498700
2025-05-09,152.5653076171875,154.86252969975314,152.01596958260927,153.98358884442797,32435300
2025-05-12,158.26840209960938,158.90762762310243,156.06106765297667,157.2995737723926,44138800
2025-05-13,159.33709716796875,160.37584814800852,155.97117700529293,158.59798647987657,42382100
2025-05-14,165.1700439453125,166.7980779664445,159.4170139283214,159.7665968345665,48755900
2025-05-15,163.76174926757812,166.00902860866202,162.1736602838883,165.63946564247587,33146700
2025-05-16,165.9890594482422,169.14524229932235,165.4197413290067,167.52719070383273,42846900
2025-05-19,166.338623046875,166.43850822896752,164.02143617765117,164.311078821177,30426100
2025-05-20,163.78172302246094,168.2962620339302,162.7030270512069,166.22875761227516,46607700
2025-05-21,168.35618591308594,172.93064990762463,163.36223158372133,163.49207927319333,73416000
2025-05-22,170.66339111328125,176.55626639163424,170.50359615670786,171.6422171391164,74864400
2025-05-23,168.26629638671875,169.7545002456487,167.68699586257836,168.85557933287677,35211400
2025-05-27,172.69093322753906,172.9606110264557,169.79444583588602,169.9542560308247,37995700
2025-05-28,172.15159606933594,175.0580811773991,171.70214322301487,172.95063181853965,34784000
2025-05-29,171.65219116210938,174.20909322624098,170.42368271917738,173.78960291012612,29373800
2025-05-30,171.5323486328125,172.0017815585655,167.23754486546525,171.14282080509608,52639900
2025-06-02,168.82562255859375,169.66460324672883,167.18760611208933,167.637058963566,38612300
2025-06-03,165.97906494140625,168.276287066322,165.08015922486254,167.28749382619188,45084900
2025-06-04,167.8468017578125,168.01659436979696,166.15884281939123,166.53838821108508,26900800
2025-06-05,168.00662231445312,170.72331951416996,167.3873615992156,170.1340365467451,36379100
2025-06-06,173.46998596191406,174.2890017669552,170.6234412090639,170.6234412090639,35731800
2025-06-09,176.08999633789062,176.47000122070312,174.3699951171875,174.5399932861328,28935900
2025-06-10,178.60000610351562,181.11000061035156,174.91000366210938,176.1999969482422,61766100
2025-06-11,177.35000610351562,180.3699951171875,176.75,179.77000427246094,31646800
2025-06-12,175.6999969482422,176.72000122070312,174.75,176.17999267578125,20941900
2025-06-13,174.6699981689453,177.1300048828125,172.38999938964844,172.44000244140625,27663100
2025-06-16,176.77000427246094,176.92999267578125,174.64999389648438,174.72999572753906,27277235
